No.,Active_Prob,Predicted_Class,Real_Class
0,1,Active,Active
1,1,Active,Active
2,1,Active,Active
3,1,Active,Active
4,1,Active,Active
5,1,Active,Active
6,1,Active,Active
7,1,Active,Active
8,1,Active,Active
9,1,Active,Active
10,1,Active,Active
11,1,Active,Active
12,1,Active,Active
13,1,Active,Active
14,1,Active,Active
16,1,Active,Active
17,1,Active,Active
18,1,Active,Active
19,1,Active,Active
20,1,Active,Active
21,1,Active,Active
22,1,Active,Active
23,1,Active,Active
24,1,Active,Active
25,1,Active,Active
26,1,Active,Active
28,1,Active,Active
29,1,Active,Active
30,1,Active,Active
31,1,Active,Active
32,1,Active,Active
33,1,Active,Active
34,1,Active,Active
35,1,Active,Active
36,1,Active,Active
37,1,Active,Active
38,1,Active,Active
39,1,Active,Active
40,1,Active,Active
41,1,Active,Active
42,1,Active,Active
43,1,Active,Active
44,1,Active,Active
45,1,Active,Active
46,1,Active,Active
47,1,Active,Active
48,1,Active,Active
49,1,Active,Active
50,1,Active,Active
51,1,Active,Active
52,1,Active,Active
53,1,Active,Active
54,1,Active,Active
55,1,Active,Active
56,1,Active,Active
57,1,Active,Active
59,1,Active,Active
60,1,Active,Active
61,1,Active,Active
62,1,Active,Active
63,1,Active,Active
64,1,Active,Active
65,1,Active,Active
66,1,Active,Active
67,1,Active,Active
68,1,Active,Active
69,1,Active,Active
70,1,Active,Active
71,1,Active,Active
72,1,Active,Active
74,1,Active,Active
75,1,Active,Active
76,1,Active,Active
77,1,Active,Active
79,1,Active,Active
81,1,Active,Inactive
82,1,Active,Inactive
83,1,Active,Inactive
84,1,Active,Inactive
85,1,Active,Inactive
86,1,Active,Inactive
88,1,Active,Inactive
89,1,Active,Inactive
90,1,Active,Inactive
91,1,Active,Inactive
92,1,Active,Inactive
94,1,Active,Inactive
95,1,Active,Inactive
96,1,Active,Inactive
97,1,Active,Inactive
98,1,Active,Inactive
99,1,Active,Inactive
101,1,Active,Inactive
102,1,Active,Inactive
104,1,Active,Inactive
105,1,Active,Inactive
106,1,Active,Inactive
107,1,Active,Inactive
108,1,Active,Inactive
111,1,Active,Inactive
113,1,Active,Inactive
114,1,Active,Inactive
115,1,Active,Inactive
116,1,Active,Inactive
117,1,Active,Inactive
119,1,Active,Inactive
120,1,Active,Inactive
121,1,Active,Inactive
122,1,Active,Inactive
123,1,Active,Inactive
124,1,Active,Inactive
125,1,Active,Inactive
127,1,Active,Inactive
128,1,Active,Inactive
130,1,Active,Inactive
131,1,Active,Inactive
132,1,Active,Inactive
133,1,Active,Inactive
134,1,Active,Inactive
135,1,Active,Inactive
137,1,Active,Inactive
138,1,Active,Inactive
139,1,Active,Inactive
140,1,Active,Inactive
142,1,Active,Inactive
143,1,Active,Inactive
144,1,Active,Inactive
146,1,Active,Inactive
149,1,Active,Inactive
150,1,Active,Inactive
151,1,Active,Inactive
152,1,Active,Inactive
153,1,Active,Inactive
155,1,Active,Inactive
156,1,Active,Inactive
157,1,Active,Inactive
158,1,Active,Inactive
161,1,Active,Inactive
162,1,Active,Inactive
163,1,Active,Inactive
165,1,Active,Inactive
166,1,Active,Inactive
167,1,Active,Inactive
169,1,Active,Inactive
170,1,Active,Inactive
173,1,Active,Inactive
175,1,Active,Inactive
176,1,Active,Inactive
177,1,Active,Inactive
178,1,Active,Inactive
179,1,Active,Inactive
180,1,Active,Inactive
181,1,Active,Inactive
182,1,Active,Inactive
183,1,Active,Inactive
184,1,Active,Inactive
185,1,Active,Inactive
186,1,Active,Inactive
187,1,Active,Inactive
188,1,Active,Inactive
190,1,Active,Inactive
191,1,Active,Inactive
192,1,Active,Inactive
193,1,Active,Inactive
194,1,Active,Inactive
195,1,Active,Inactive
196,1,Active,Inactive
197,1,Active,Inactive
199,1,Active,Inactive
200,1,Active,Inactive
201,1,Active,Inactive
202,1,Active,Inactive
203,1,Active,Inactive
204,1,Active,Inactive
205,1,Active,Inactive
206,1,Active,Inactive
208,1,Active,Inactive
209,1,Active,Inactive
210,1,Active,Inactive
211,1,Active,Inactive
212,1,Active,Inactive
214,1,Active,Inactive
216,1,Active,Inactive
217,1,Active,Inactive
219,1,Active,Inactive
221,1,Active,Inactive
227,1,Active,Inactive
232,1,Active,Inactive
233,1,Active,Inactive
239,1,Active,Inactive
245,1,Active,Inactive
248,1,Active,Inactive
249,1,Active,Inactive
253,1,Active,Inactive
254,1,Active,Inactive
257,1,Active,Inactive
258,1,Active,Inactive
259,1,Active,Inactive
263,1,Active,Inactive
265,1,Active,Inactive
267,1,Active,Inactive
271,1,Active,Inactive
272,1,Active,Inactive
274,1,Active,Inactive
276,1,Active,Inactive
277,1,Active,Inactive
278,1,Active,Inactive
282,1,Active,Inactive
283,1,Active,Inactive
286,1,Active,Inactive
287,1,Active,Inactive
288,1,Active,Inactive
289,1,Active,Inactive
290,1,Active,Inactive
291,1,Active,Inactive
293,1,Active,Inactive
297,1,Active,Inactive
300,1,Active,Inactive
301,1,Active,Inactive
302,1,Active,Inactive
303,1,Active,Inactive
304,1,Active,Inactive
305,1,Active,Inactive
306,1,Active,Inactive
307,1,Active,Inactive
308,1,Active,Inactive
309,1,Active,Inactive
310,1,Active,Inactive
311,1,Active,Inactive
312,1,Active,Inactive
317,1,Active,Inactive
318,1,Active,Inactive
319,1,Active,Inactive
321,1,Active,Inactive
323,1,Active,Inactive
326,1,Active,Inactive
327,1,Active,Inactive
329,1,Active,Inactive
330,1,Active,Inactive
334,1,Active,Inactive
341,1,Active,Inactive
345,1,Active,Inactive
346,1,Active,Inactive
348,1,Active,Inactive
349,1,Active,Inactive
351,1,Active,Inactive
352,1,Active,Inactive
353,1,Active,Inactive
358,1,Active,Inactive
367,1,Active,Inactive
368,1,Active,Inactive
376,1,Active,Inactive
377,1,Active,Inactive
382,1,Active,Inactive
383,1,Active,Inactive
385,1,Active,Inactive
388,1,Active,Inactive
393,1,Active,Inactive
394,1,Active,Inactive
397,1,Active,Inactive
407,1,Active,Inactive
408,1,Active,Inactive
411,1,Active,Inactive
412,1,Active,Inactive
413,1,Active,Inactive
415,1,Active,Inactive
418,1,Active,Inactive
419,1,Active,Inactive
420,1,Active,Inactive
421,1,Active,Inactive
423,1,Active,Inactive
425,1,Active,Inactive
427,1,Active,Inactive
434,1,Active,Inactive
442,1,Active,Inactive
464,1,Active,Inactive
474,1,Active,Inactive
475,1,Active,Inactive
476,1,Active,Inactive
477,1,Active,Inactive
478,1,Active,Inactive
479,1,Active,Inactive
480,1,Active,Inactive
481,1,Active,Inactive
482,1,Active,Inactive
483,1,Active,Inactive
484,1,Active,Inactive
485,1,Active,Inactive
486,1,Active,Inactive
487,1,Active,Inactive
488,1,Active,Inactive
489,1,Active,Inactive
491,1,Active,Inactive
494,1,Active,Inactive
495,1,Active,Inactive
497,1,Active,Inactive
505,1,Active,Inactive
506,1,Active,Inactive
513,1,Active,Inactive
517,1,Active,Inactive
518,1,Active,Inactive
522,1,Active,Inactive
523,1,Active,Inactive
527,1,Active,Inactive
529,1,Active,Inactive
530,1,Active,Inactive
533,1,Active,Inactive
534,1,Active,Inactive
535,1,Active,Inactive
536,1,Active,Inactive
537,1,Active,Inactive
539,1,Active,Inactive
541,1,Active,Inactive
543,1,Active,Inactive
544,1,Active,Inactive
551,1,Active,Inactive
552,1,Active,Inactive
554,1,Active,Inactive
560,1,Active,Inactive
568,1,Active,Inactive
571,1,Active,Inactive
586,1,Active,Inactive
589,1,Active,Inactive
590,1,Active,Inactive
612,1,Active,Inactive
613,1,Active,Inactive
614,1,Active,Inactive
615,1,Active,Inactive
616,1,Active,Inactive
617,1,Active,Inactive
618,1,Active,Inactive
619,1,Active,Inactive
620,1,Active,Inactive
622,1,Active,Inactive
624,1,Active,Inactive
627,1,Active,Inactive
637,1,Active,Inactive
638,1,Active,Inactive
653,1,Active,Inactive
654,1,Active,Inactive
655,1,Active,Inactive
656,1,Active,Inactive
657,1,Active,Inactive
658,1,Active,Inactive
660,1,Active,Inactive
661,1,Active,Inactive
662,1,Active,Inactive
663,1,Active,Inactive
664,1,Active,Inactive
665,1,Active,Inactive
667,1,Active,Inactive
668,1,Active,Inactive
669,1,Active,Inactive
670,1,Active,Inactive
689,1,Active,Inactive
692,1,Active,Inactive
693,1,Active,Inactive
701,1,Active,Inactive
702,1,Active,Inactive
703,1,Active,Inactive
705,1,Active,Inactive
708,1,Active,Inactive
709,1,Active,Inactive
711,1,Active,Inactive
712,1,Active,Inactive
713,1,Active,Inactive
714,1,Active,Inactive
715,1,Active,Inactive
716,1,Active,Inactive
719,1,Active,Inactive
720,1,Active,Inactive
721,1,Active,Inactive
722,1,Active,Inactive
730,1,Active,Inactive
732,1,Active,Inactive
733,1,Active,Inactive
734,1,Active,Inactive
735,1,Active,Inactive
737,1,Active,Inactive
739,1,Active,Inactive
753,1,Active,Inactive
754,1,Active,Inactive
755,1,Active,Inactive
757,1,Active,Inactive
758,1,Active,Inactive
759,1,Active,Inactive
760,1,Active,Inactive
769,1,Active,Inactive
771,1,Active,Inactive
772,1,Active,Inactive
773,1,Active,Inactive
774,1,Active,Inactive
775,1,Active,Inactive
776,1,Active,Inactive
777,1,Active,Inactive
778,1,Active,Inactive
779,1,Active,Inactive
780,1,Active,Inactive
781,1,Active,Inactive
782,1,Active,Inactive
783,1,Active,Inactive
784,1,Active,Inactive
785,1,Active,Inactive
787,1,Active,Inactive
791,1,Active,Inactive
793,1,Active,Inactive
795,1,Active,Inactive
796,1,Active,Inactive
798,1,Active,Inactive
800,1,Active,Inactive
801,1,Active,Inactive
802,1,Active,Inactive
803,1,Active,Inactive
805,1,Active,Inactive
806,1,Active,Inactive
807,1,Active,Inactive
809,1,Active,Inactive
811,1,Active,Inactive
812,1,Active,Inactive
814,1,Active,Inactive
815,1,Active,Inactive
816,1,Active,Inactive
817,1,Active,Inactive
818,1,Active,Inactive
819,1,Active,Inactive
820,1,Active,Inactive
821,1,Active,Inactive
822,1,Active,Inactive
826,1,Active,Inactive
827,1,Active,Inactive
828,1,Active,Inactive
836,1,Active,Inactive
839,1,Active,Inactive
843,1,Active,Inactive
844,1,Active,Inactive
849,1,Active,Inactive
867,1,Active,Inactive
876,1,Active,Inactive
877,1,Active,Inactive
879,1,Active,Inactive
912,1,Active,Inactive
917,1,Active,Inactive
921,1,Active,Inactive
923,1,Active,Inactive
925,1,Active,Inactive
926,1,Active,Inactive
927,1,Active,Inactive
928,1,Active,Inactive
929,1,Active,Inactive
930,1,Active,Inactive
931,1,Active,Inactive
932,1,Active,Inactive
933,1,Active,Inactive
935,1,Active,Inactive
936,1,Active,Inactive
937,1,Active,Inactive
938,1,Active,Inactive
939,1,Active,Inactive
941,1,Active,Inactive
942,1,Active,Inactive
944,1,Active,Inactive
945,1,Active,Inactive
946,1,Active,Inactive
948,1,Active,Inactive
951,1,Active,Inactive
953,1,Active,Inactive
954,1,Active,Inactive
955,1,Active,Inactive
956,1,Active,Inactive
957,1,Active,Inactive
958,1,Active,Inactive
960,1,Active,Inactive
962,1,Active,Inactive
964,1,Active,Inactive
966,1,Active,Inactive
967,1,Active,Inactive
968,1,Active,Inactive
969,1,Active,Inactive
970,1,Active,Inactive
971,1,Active,Inactive
972,1,Active,Inactive
973,1,Active,Inactive
974,1,Active,Inactive
976,1,Active,Inactive
977,1,Active,Inactive
978,1,Active,Inactive
979,1,Active,Inactive
980,1,Active,Inactive
981,1,Active,Inactive
982,1,Active,Inactive
983,1,Active,Inactive
984,1,Active,Inactive
985,1,Active,Inactive
986,1,Active,Inactive
987,1,Active,Inactive
988,1,Active,Inactive
989,1,Active,Inactive
990,1,Active,Inactive
991,1,Active,Inactive
992,1,Active,Inactive
993,1,Active,Inactive
994,1,Active,Inactive
995,1,Active,Inactive
996,1,Active,Inactive
997,1,Active,Inactive
998,1,Active,Inactive
999,1,Active,Inactive
1000,1,Active,Inactive
1002,1,Active,Inactive
1003,1,Active,Inactive
1005,1,Active,Inactive
1006,1,Active,Inactive
1007,1,Active,Inactive
1009,1,Active,Inactive
1010,1,Active,Inactive
1011,1,Active,Inactive
1012,1,Active,Inactive
1013,1,Active,Inactive
1016,1,Active,Inactive
1017,1,Active,Inactive
1018,1,Active,Inactive
1019,1,Active,Inactive
1020,1,Active,Inactive
1021,1,Active,Inactive
1022,1,Active,Inactive
1023,1,Active,Inactive
1026,1,Active,Inactive
1028,1,Active,Inactive
1029,1,Active,Inactive
1031,1,Active,Inactive
1032,1,Active,Inactive
1033,1,Active,Inactive
1034,1,Active,Inactive
1035,1,Active,Inactive
1036,1,Active,Inactive
1037,1,Active,Inactive
1038,1,Active,Inactive
1040,1,Active,Inactive
1042,1,Active,Inactive
1043,1,Active,Inactive
1044,1,Active,Inactive
1046,1,Active,Inactive
1047,1,Active,Inactive
1048,1,Active,Inactive
1049,1,Active,Inactive
1051,1,Active,Inactive
1054,1,Active,Inactive
1057,1,Active,Inactive
1061,1,Active,Inactive
1065,1,Active,Inactive
1068,1,Active,Inactive
1069,1,Active,Inactive
1074,1,Active,Inactive
1076,1,Active,Inactive
1078,1,Active,Inactive
1079,1,Active,Inactive
1085,1,Active,Inactive
1087,1,Active,Inactive
1090,1,Active,Inactive
1093,1,Active,Inactive
1095,1,Active,Inactive
1102,1,Active,Inactive
1103,1,Active,Inactive
1104,1,Active,Inactive
1105,1,Active,Inactive
1106,1,Active,Inactive
1108,1,Active,Inactive
1109,1,Active,Inactive
1110,1,Active,Inactive
1111,1,Active,Inactive
1112,1,Active,Inactive
1113,1,Active,Inactive
1116,1,Active,Inactive
1117,1,Active,Inactive
1120,1,Active,Inactive
1121,1,Active,Inactive
1122,1,Active,Inactive
1124,1,Active,Inactive
1125,1,Active,Inactive
1127,1,Active,Inactive
1128,1,Active,Inactive
1129,1,Active,Inactive
1130,1,Active,Inactive
1131,1,Active,Inactive
1132,1,Active,Inactive
1133,1,Active,Inactive
1140,1,Active,Inactive
1143,1,Active,Inactive
1145,1,Active,Inactive
1146,1,Active,Inactive
1149,1,Active,Inactive
1158,1,Active,Inactive
1159,1,Active,Inactive
1160,1,Active,Inactive
1161,1,Active,Inactive
1162,1,Active,Inactive
1163,1,Active,Inactive
1164,1,Active,Inactive
1165,1,Active,Inactive
1166,1,Active,Inactive
1167,1,Active,Inactive
1168,1,Active,Inactive
1169,1,Active,Inactive
1170,1,Active,Inactive
1171,1,Active,Inactive
1173,1,Active,Inactive
1174,1,Active,Inactive
1175,1,Active,Inactive
1176,1,Active,Inactive
1177,1,Active,Inactive
1179,1,Active,Inactive
1180,1,Active,Inactive
1181,1,Active,Inactive
1182,1,Active,Inactive
1183,1,Active,Inactive
1184,1,Active,Inactive
1185,1,Active,Inactive
1186,1,Active,Inactive
1187,1,Active,Inactive
1188,1,Active,Inactive
1189,1,Active,Inactive
1190,1,Active,Inactive
1191,1,Active,Inactive
1192,1,Active,Inactive
1193,1,Active,Inactive
1194,1,Active,Inactive
1195,1,Active,Inactive
1196,1,Active,Inactive
1198,1,Active,Inactive
1199,1,Active,Inactive
1200,1,Active,Inactive
1201,1,Active,Inactive
1204,1,Active,Inactive
1205,1,Active,Inactive
1206,1,Active,Inactive
1207,1,Active,Inactive
1208,1,Active,Inactive
1209,1,Active,Inactive
1210,1,Active,Inactive
1211,1,Active,Inactive
1212,1,Active,Inactive
1213,1,Active,Inactive
1215,1,Active,Inactive
1217,1,Active,Inactive
1218,1,Active,Inactive
1219,1,Active,Inactive
1220,1,Active,Inactive
1221,1,Active,Inactive
1222,1,Active,Inactive
1224,1,Active,Inactive
1227,1,Active,Inactive
1228,1,Active,Inactive
1229,1,Active,Inactive
1233,1,Active,Inactive
1234,1,Active,Inactive
1236,1,Active,Inactive
1237,1,Active,Inactive
1239,1,Active,Inactive
1240,1,Active,Inactive
1241,1,Active,Inactive
1244,1,Active,Inactive
1246,1,Active,Inactive
1249,1,Active,Inactive
1260,1,Active,Inactive
1261,1,Active,Inactive
1266,1,Active,Inactive
1267,1,Active,Inactive
1268,1,Active,Inactive
1270,1,Active,Inactive
1271,1,Active,Inactive
1273,1,Active,Inactive
1286,1,Active,Inactive
1288,1,Active,Inactive
1289,1,Active,Inactive
1291,1,Active,Inactive
1300,1,Active,Inactive
1303,1,Active,Inactive
1305,1,Active,Inactive
1306,1,Active,Inactive
1311,1,Active,Inactive
1313,1,Active,Inactive
1316,1,Active,Inactive
1317,1,Active,Inactive
1324,1,Active,Inactive
1328,1,Active,Inactive
1329,1,Active,Inactive
1330,1,Active,Inactive
1331,1,Active,Inactive
1332,1,Active,Inactive
1333,1,Active,Inactive
1334,1,Active,Inactive
1336,1,Active,Inactive
1338,1,Active,Inactive
1343,1,Active,Inactive
1352,1,Active,Inactive
1353,1,Active,Inactive
1355,1,Active,Inactive
1356,1,Active,Inactive
1357,1,Active,Inactive
1358,1,Active,Inactive
1361,1,Active,Inactive
1363,1,Active,Inactive
1364,1,Active,Inactive
1365,1,Active,Inactive
1366,1,Active,Inactive
1368,1,Active,Inactive
1369,1,Active,Inactive
1370,1,Active,Inactive
1371,1,Active,Inactive
1372,1,Active,Inactive
1373,1,Active,Inactive
1374,1,Active,Inactive
1375,1,Active,Inactive
1376,1,Active,Inactive
1377,1,Active,Inactive
1378,1,Active,Inactive
1379,1,Active,Inactive
1380,1,Active,Inactive
1381,1,Active,Inactive
1382,1,Active,Inactive
1383,1,Active,Inactive
1384,1,Active,Inactive
1385,1,Active,Inactive
1387,1,Active,Inactive
1388,1,Active,Inactive
1389,1,Active,Inactive
1391,1,Active,Inactive
1393,1,Active,Inactive
1395,1,Active,Inactive
1396,1,Active,Inactive
1397,1,Active,Inactive
1399,1,Active,Inactive
1402,1,Active,Inactive
1403,1,Active,Inactive
1404,1,Active,Inactive
1405,1,Active,Inactive
1412,1,Active,Inactive
1415,1,Active,Inactive
1417,1,Active,Inactive
1418,1,Active,Inactive
1419,1,Active,Inactive
1420,1,Active,Inactive
1421,1,Active,Inactive
1423,1,Active,Inactive
1424,1,Active,Inactive
1428,1,Active,Inactive
1429,1,Active,Inactive
1430,1,Active,Inactive
1431,1,Active,Inactive
1434,1,Active,Inactive
1437,1,Active,Inactive
1438,1,Active,Inactive
1439,1,Active,Inactive
1441,1,Active,Inactive
1442,1,Active,Inactive
1443,1,Active,Inactive
1444,1,Active,Inactive
1447,1,Active,Inactive
1458,1,Active,Inactive
1459,1,Active,Inactive
1461,1,Active,Inactive
1462,1,Active,Inactive
1463,1,Active,Inactive
1468,1,Active,Inactive
1469,1,Active,Inactive
1470,1,Active,Inactive
1471,1,Active,Inactive
1472,1,Active,Inactive
1473,1,Active,Inactive
1476,1,Active,Inactive
1477,1,Active,Inactive
1478,1,Active,Inactive
1479,1,Active,Inactive
1480,1,Active,Inactive
1481,1,Active,Inactive
1485,1,Active,Inactive
1486,1,Active,Inactive
1488,1,Active,Inactive
1490,1,Active,Inactive
1491,1,Active,Inactive
1498,1,Active,Inactive
1499,1,Active,Inactive
1502,1,Active,Inactive
1504,1,Active,Inactive
1505,1,Active,Inactive
1508,1,Active,Inactive
1510,1,Active,Inactive
1512,1,Active,Inactive
1514,1,Active,Inactive
1515,1,Active,Inactive
1516,1,Active,Inactive
1524,1,Active,Inactive
1525,1,Active,Inactive
1527,1,Active,Inactive
1529,1,Active,Inactive
1530,1,Active,Inactive
1531,1,Active,Inactive
1534,1,Active,Inactive
1538,1,Active,Inactive
1541,1,Active,Inactive
1542,1,Active,Inactive
1544,1,Active,Inactive
1545,1,Active,Inactive
1548,1,Active,Inactive
1549,1,Active,Inactive
1551,1,Active,Inactive
1564,1,Active,Inactive
1565,1,Active,Inactive
1569,1,Active,Inactive
1570,1,Active,Inactive
1571,1,Active,Inactive
1574,1,Active,Inactive
1585,1,Active,Inactive
1586,1,Active,Inactive
1587,1,Active,Inactive
1589,1,Active,Inactive
1591,1,Active,Inactive
1592,1,Active,Inactive
1593,1,Active,Inactive
1594,1,Active,Inactive
1595,1,Active,Inactive
1596,1,Active,Inactive
1599,1,Active,Inactive
1600,1,Active,Inactive
1601,1,Active,Inactive
1602,1,Active,Inactive
1603,1,Active,Inactive
1605,1,Active,Inactive
1607,1,Active,Inactive
1614,1,Active,Inactive
1615,1,Active,Inactive
1617,1,Active,Inactive
1620,1,Active,Inactive
1621,1,Active,Inactive
1624,1,Active,Inactive
1625,1,Active,Inactive
1627,1,Active,Inactive
1629,1,Active,Inactive
1631,1,Active,Inactive
1633,1,Active,Inactive
1636,1,Active,Inactive
1638,1,Active,Inactive
1640,1,Active,Inactive
1643,1,Active,Inactive
1644,1,Active,Inactive
1646,1,Active,Inactive
1648,1,Active,Inactive
1655,1,Active,Inactive
1659,1,Active,Inactive
1661,1,Active,Inactive
1662,1,Active,Inactive
1664,1,Active,Inactive
1666,1,Active,Inactive
1670,1,Active,Inactive
1672,1,Active,Inactive
1673,1,Active,Inactive
1676,1,Active,Inactive
1677,1,Active,Inactive
1680,1,Active,Inactive
1681,1,Active,Inactive
1683,1,Active,Inactive
1685,1,Active,Inactive
1686,1,Active,Inactive
1687,1,Active,Inactive
1688,1,Active,Inactive
1689,1,Active,Inactive
1690,1,Active,Inactive
1691,1,Active,Inactive
1694,1,Active,Inactive
1697,1,Active,Inactive
1698,1,Active,Inactive
1700,1,Active,Inactive
1701,1,Active,Inactive
1707,1,Active,Inactive
1709,1,Active,Inactive
1710,1,Active,Inactive
1711,1,Active,Inactive
1725,1,Active,Inactive
1727,1,Active,Inactive
1730,1,Active,Inactive
1731,1,Active,Inactive
1732,1,Active,Inactive
1733,1,Active,Inactive
1734,1,Active,Inactive
1736,1,Active,Inactive
1737,1,Active,Inactive
1739,1,Active,Inactive
1741,1,Active,Inactive
1743,1,Active,Inactive
1750,1,Active,Inactive
1766,1,Active,Inactive
1784,1,Active,Inactive
1822,1,Active,Inactive
1823,1,Active,Inactive
1824,1,Active,Inactive
1832,1,Active,Inactive
1845,1,Active,Inactive
1847,1,Active,Inactive
1850,1,Active,Inactive
1852,1,Active,Inactive
1853,1,Active,Inactive
1855,1,Active,Inactive
1858,1,Active,Inactive
1860,1,Active,Inactive
1862,1,Active,Inactive
1864,1,Active,Inactive
1865,1,Active,Inactive
1867,1,Active,Inactive
1868,1,Active,Inactive
1873,1,Active,Inactive
1874,1,Active,Inactive
1877,1,Active,Inactive
1878,1,Active,Inactive
1881,1,Active,Inactive
1883,1,Active,Inactive
1884,1,Active,Inactive
1886,1,Active,Inactive
1887,1,Active,Inactive
1888,1,Active,Inactive
1889,1,Active,Inactive
1895,1,Active,Inactive
1896,1,Active,Inactive
1897,1,Active,Inactive
1898,1,Active,Inactive
1900,1,Active,Inactive
1902,1,Active,Inactive
1904,1,Active,Inactive
1905,1,Active,Inactive
1906,1,Active,Inactive
1907,1,Active,Inactive
1908,1,Active,Inactive
1911,1,Active,Inactive
1914,1,Active,Inactive
1916,1,Active,Inactive
1917,1,Active,Inactive
1922,1,Active,Inactive
1923,1,Active,Inactive
1924,1,Active,Inactive
1925,1,Active,Inactive
1927,1,Active,Inactive
1928,1,Active,Inactive
1929,1,Active,Inactive
1931,1,Active,Inactive
1934,1,Active,Inactive
1935,1,Active,Inactive
1936,1,Active,Inactive
1937,1,Active,Inactive
1939,1,Active,Inactive
1944,1,Active,Inactive
1946,1,Active,Inactive
1949,1,Active,Inactive
1950,1,Active,Inactive
1951,1,Active,Inactive
1952,1,Active,Inactive
1953,1,Active,Inactive
1955,1,Active,Inactive
1956,1,Active,Inactive
1959,1,Active,Inactive
1963,1,Active,Inactive
1964,1,Active,Inactive
1967,1,Active,Inactive
1969,1,Active,Inactive
1970,1,Active,Inactive
1971,1,Active,Inactive
1976,1,Active,Inactive
1979,1,Active,Inactive
1981,1,Active,Inactive
1982,1,Active,Inactive
1987,1,Active,Inactive
1988,1,Active,Inactive
1990,1,Active,Inactive
1993,1,Active,Inactive
1994,1,Active,Inactive
1996,1,Active,Inactive
1997,1,Active,Inactive
1999,1,Active,Inactive
2000,1,Active,Inactive
2001,1,Active,Inactive
2002,1,Active,Inactive
2004,1,Active,Inactive
2006,1,Active,Inactive
2007,1,Active,Inactive
2008,1,Active,Inactive
2010,1,Active,Inactive
2012,1,Active,Inactive
2016,1,Active,Inactive
2021,1,Active,Inactive
2025,1,Active,Inactive
2026,1,Active,Inactive
2031,1,Active,Inactive
2033,1,Active,Inactive
2036,1,Active,Inactive
2037,1,Active,Inactive
2038,1,Active,Inactive
2040,1,Active,Inactive
2043,1,Active,Inactive
2044,1,Active,Inactive
2048,1,Active,Inactive
2050,1,Active,Inactive
2054,1,Active,Inactive
2055,1,Active,Inactive
2057,1,Active,Inactive
2064,1,Active,Inactive
2068,1,Active,Inactive
2069,1,Active,Inactive
2071,1,Active,Inactive
2072,1,Active,Inactive
2073,1,Active,Inactive
2088,1,Active,Inactive
2099,1,Active,Inactive
2102,1,Active,Inactive
2108,1,Active,Inactive
2111,1,Active,Inactive
2112,1,Active,Inactive
2113,1,Active,Inactive
2114,1,Active,Inactive
2115,1,Active,Inactive
2116,1,Active,Inactive
2117,1,Active,Inactive
2119,1,Active,Inactive
2120,1,Active,Inactive
2121,1,Active,Inactive
2122,1,Active,Inactive
2123,1,Active,Inactive
2124,1,Active,Inactive
2125,1,Active,Inactive
2126,1,Active,Inactive
2127,1,Active,Inactive
2128,1,Active,Inactive
2129,1,Active,Inactive
2131,1,Active,Inactive
2132,1,Active,Inactive
2133,1,Active,Inactive
2134,1,Active,Inactive
2136,1,Active,Inactive
2137,1,Active,Inactive
2138,1,Active,Inactive
2139,1,Active,Inactive
2140,1,Active,Inactive
2141,1,Active,Inactive
2142,1,Active,Inactive
2143,1,Active,Inactive
2144,1,Active,Inactive
2145,1,Active,Inactive
2146,1,Active,Inactive
2147,1,Active,Inactive
2148,1,Active,Inactive
2149,1,Active,Inactive
2150,1,Active,Inactive
2151,1,Active,Inactive
2152,1,Active,Inactive
2153,1,Active,Inactive
2156,1,Active,Inactive
2158,1,Active,Inactive
2159,1,Active,Inactive
2161,1,Active,Inactive
2163,1,Active,Inactive
2165,1,Active,Inactive
2168,1,Active,Inactive
2174,1,Active,Inactive
2175,1,Active,Inactive
2178,1,Active,Inactive
2179,1,Active,Inactive
2180,1,Active,Inactive
2181,1,Active,Inactive
2182,1,Active,Inactive
2183,1,Active,Inactive
2184,1,Active,Inactive
2185,1,Active,Inactive
2186,1,Active,Inactive
2191,1,Active,Inactive
2192,1,Active,Inactive
2193,1,Active,Inactive
2194,1,Active,Inactive
2195,1,Active,Inactive
2196,1,Active,Inactive
2197,1,Active,Inactive
2198,1,Active,Inactive
2199,1,Active,Inactive
2200,1,Active,Inactive
2201,1,Active,Inactive
2202,1,Active,Inactive
2203,1,Active,Inactive
2204,1,Active,Inactive
2205,1,Active,Inactive
2206,1,Active,Inactive
2207,1,Active,Inactive
2212,1,Active,Inactive
2213,1,Active,Inactive
2214,1,Active,Inactive
2215,1,Active,Inactive
2216,1,Active,Inactive
2217,1,Active,Inactive
2218,1,Active,Inactive
2221,1,Active,Inactive
2222,1,Active,Inactive
2223,1,Active,Inactive
2224,1,Active,Inactive
2226,1,Active,Inactive
2227,1,Active,Inactive
2229,1,Active,Inactive
2231,1,Active,Inactive
2233,1,Active,Inactive
2237,1,Active,Inactive
2241,1,Active,Inactive
2243,1,Active,Inactive
2244,1,Active,Inactive
2247,1,Active,Inactive
2249,1,Active,Inactive
2251,1,Active,Inactive
2252,1,Active,Inactive
2253,1,Active,Inactive
2256,1,Active,Inactive
2258,1,Active,Inactive
2259,1,Active,Inactive
2261,1,Active,Inactive
2263,1,Active,Inactive
2264,1,Active,Inactive
2266,1,Active,Inactive
2267,1,Active,Inactive
2268,1,Active,Inactive
2269,1,Active,Inactive
2270,1,Active,Inactive
2274,1,Active,Inactive
2275,1,Active,Inactive
2279,1,Active,Inactive
2282,1,Active,Inactive
2283,1,Active,Inactive
2284,1,Active,Inactive
2285,1,Active,Inactive
2286,1,Active,Inactive
2287,1,Active,Inactive
2290,1,Active,Inactive
2291,1,Active,Inactive
2292,1,Active,Inactive
2293,1,Active,Inactive
2294,1,Active,Inactive
2295,1,Active,Inactive
2297,1,Active,Inactive
2298,1,Active,Inactive
2299,1,Active,Inactive
2300,1,Active,Inactive
2301,1,Active,Inactive
2302,1,Active,Inactive
2304,1,Active,Inactive
2305,1,Active,Inactive
2307,1,Active,Inactive
2309,1,Active,Inactive
2311,1,Active,Inactive
2313,1,Active,Inactive
2315,1,Active,Inactive
2316,1,Active,Inactive
2317,1,Active,Inactive
2320,1,Active,Inactive
2324,1,Active,Inactive
2325,1,Active,Inactive
2328,1,Active,Inactive
2330,1,Active,Inactive
2331,1,Active,Inactive
2332,1,Active,Inactive
2333,1,Active,Inactive
2334,1,Active,Inactive
2335,1,Active,Inactive
2336,1,Active,Inactive
2337,1,Active,Inactive
2339,1,Active,Inactive
2341,1,Active,Inactive
2342,1,Active,Inactive
2343,1,Active,Inactive
2344,1,Active,Inactive
2345,1,Active,Inactive
2347,1,Active,Inactive
2350,1,Active,Inactive
2353,1,Active,Inactive
2357,1,Active,Inactive
2360,1,Active,Inactive
2363,1,Active,Inactive
2367,1,Active,Inactive
2368,1,Active,Inactive
2369,1,Active,Inactive
2371,1,Active,Inactive
2372,1,Active,Inactive
2380,1,Active,Inactive
2381,1,Active,Inactive
2386,1,Active,Inactive
2393,1,Active,Inactive
2399,1,Active,Inactive
2403,1,Active,Inactive
2409,1,Active,Inactive
2413,1,Active,Inactive
2415,1,Active,Inactive
2418,1,Active,Inactive
2420,1,Active,Inactive
2423,1,Active,Inactive
2426,1,Active,Inactive
2443,1,Active,Inactive
2445,1,Active,Inactive
2447,1,Active,Inactive
2449,1,Active,Inactive
2456,1,Active,Inactive
2460,1,Active,Inactive
2462,1,Active,Inactive
2463,1,Active,Inactive
2464,1,Active,Inactive
2466,1,Active,Inactive
2467,1,Active,Inactive
2469,1,Active,Inactive
2471,1,Active,Inactive
2472,1,Active,Inactive
2477,1,Active,Inactive
2208,0.9999999,Active,Inactive
403,0.99999976,Active,Inactive
1808,0.99999976,Active,Inactive
294,0.99999964,Active,Inactive
524,0.99999964,Active,Inactive
631,0.99999964,Active,Inactive
833,0.99999964,Active,Inactive
1521,0.99999964,Active,Inactive
103,0.9999995,Active,Inactive
1618,0.9999995,Active,Inactive
756,0.99999946,Active,Inactive
1678,0.9999993,Active,Inactive
1335,0.99999917,Active,Inactive
1568,0.9999991,Active,Inactive
794,0.9999989,Active,Inactive
1665,0.9999988,Active,Inactive
2338,0.9999988,Active,Inactive
641,0.9999986,Active,Inactive
940,0.99999857,Active,Inactive
1744,0.99999833,Active,Inactive
1901,0.99999833,Active,Inactive
1699,0.99999785,Active,Inactive
2475,0.99999756,Active,Inactive
2296,0.999997,Active,Inactive
2130,0.9999969,Active,Inactive
454,0.9999968,Active,Inactive
171,0.99999666,Active,Inactive
521,0.9999958,Active,Inactive
2065,0.999995,Active,Inactive
548,0.99999344,Active,Inactive
141,0.9999926,Active,Inactive
676,0.9999926,Active,Inactive
112,0.9999925,Active,Inactive
1142,0.9999919,Active,Inactive
473,0.9999916,Active,Inactive
1774,0.99999034,Active,Inactive
2160,0.99998975,Active,Inactive
159,0.99998873,Active,Inactive
625,0.9999876,Active,Inactive
1938,0.99998724,Active,Inactive
934,0.9999862,Active,Inactive
472,0.9999855,Active,Inactive
1882,0.9999844,Active,Inactive
1702,0.99998355,Active,Inactive
799,0.99998224,Active,Inactive
2060,0.9999648,Active,Inactive
269,0.99996185,Active,Inactive
556,0.99995995,Active,Inactive
2166,0.999959,Active,Inactive
1398,0.9999523,Active,Inactive
296,0.99995196,Active,Inactive
639,0.99994665,Active,Inactive
198,0.99994063,Active,Inactive
2260,0.9999374,Active,Inactive
328,0.9999267,Active,Inactive
2190,0.99991786,Active,Inactive
2242,0.99991333,Active,Inactive
1426,0.99991,Active,Inactive
1682,0.99990857,Active,Inactive
2401,0.9998895,Active,Inactive
770,0.9998776,Active,Inactive
1560,0.9998708,Active,Inactive
835,0.99985576,Active,Inactive
1580,0.9998357,Active,Inactive
1695,0.9998219,Active,Inactive
218,0.9998033,Active,Inactive
1254,0.99980146,Active,Inactive
344,0.9997973,Active,Inactive
58,0.9997325,Active,Active
848,0.99970746,Active,Inactive
2346,0.9996295,Active,Inactive
2049,0.99958915,Active,Inactive
1588,0.9995886,Active,Inactive
1248,0.99939424,Active,Inactive
1094,0.99936604,Active,Inactive
1537,0.9993653,Active,Inactive
1992,0.99924433,Active,Inactive
1147,0.999175,Active,Inactive
1101,0.99914694,Active,Inactive
1100,0.9991108,Active,Inactive
1119,0.9990996,Active,Inactive
2365,0.99908507,Active,Inactive
1668,0.9987672,Active,Inactive
2070,0.9986968,Active,Inactive
1752,0.9986857,Active,Inactive
1118,0.99821436,Active,Inactive
2288,0.9978938,Active,Inactive
463,0.9978322,Active,Inactive
659,0.99764574,Active,Inactive
2209,0.99760276,Active,Inactive
1474,0.9973947,Active,Inactive
1141,0.99674654,Active,Inactive
952,0.9966917,Active,Inactive
2277,0.9945348,Active,Inactive
1059,0.9944736,Active,Inactive
918,0.9943737,Active,Inactive
1803,0.9936249,Active,Inactive
1608,0.9927487,Active,Inactive
100,0.9920676,Active,Inactive
621,0.9908505,Active,Inactive
1684,0.9900105,Active,Inactive
2246,0.98930633,Active,Inactive
147,0.9880409,Active,Inactive
456,0.98640406,Active,Inactive
1645,0.9846287,Active,Inactive
1566,0.984302,Active,Inactive
1321,0.98407495,Active,Inactive
1641,0.9827596,Active,Inactive
2326,0.9802884,Active,Inactive
1245,0.9799415,Active,Inactive
2379,0.9799049,Active,Inactive
1058,0.9769306,Active,Inactive
1030,0.9738398,Active,Inactive
2164,0.96821487,Active,Inactive
1123,0.96561235,Active,Inactive
470,0.96517617,Active,Inactive
2407,0.9617382,Active,Inactive
1597,0.9595195,Active,Inactive
550,0.95942485,Active,Inactive
2162,0.95758104,Active,Inactive
2225,0.9550555,Active,Inactive
2235,0.94931006,Active,Inactive
432,0.945899,Active,Inactive
1253,0.94485414,Active,Inactive
916,0.9433186,Active,Inactive
2312,0.91288,Active,Inactive
847,0.91259646,Active,Inactive
547,0.90699875,Active,Inactive
585,0.90222156,Active,Inactive
2327,0.9020342,Active,Inactive
1401,0.8846853,Active,Inactive
1778,0.87539494,Active,Inactive
316,0.8670879,Active,Inactive
1890,0.862496,Active,Inactive
515,0.8623854,Active,Inactive
2265,0.8212079,Active,Inactive
1909,0.79364413,Active,Inactive
371,0.7832453,Active,Inactive
532,0.781607,Active,Inactive
1604,0.77362037,Active,Inactive
628,0.7630007,Active,Inactive
1086,0.70298594,Active,Inactive
1274,0.69135904,Active,Inactive
1096,0.68740207,Active,Inactive
364,0.6457349,Active,Inactive
792,0.62308985,Active,Inactive
1099,0.61039066,Active,Inactive
490,0.6035396,Active,Inactive
27,0.5999439,Active,Active
526,0.58580935,Active,Inactive
1649,0.57536745,Active,Inactive
1344,0.5601954,Active,Inactive
1871,0.47312924,Inactive,Inactive
677,0.4648053,Inactive,Inactive
2254,0.44803306,Inactive,Inactive
1075,0.43505687,Inactive,Inactive
949,0.4323038,Inactive,Inactive
2080,0.40871274,Inactive,Inactive
1978,0.37646735,Inactive,Inactive
1134,0.37093264,Inactive,Inactive
1616,0.31296444,Inactive,Inactive
255,0.30460936,Inactive,Inactive
160,0.24977931,Inactive,Inactive
2173,0.23892176,Inactive,Inactive
1056,0.23036486,Inactive,Inactive
2087,0.22814426,Inactive,Inactive
531,0.18510982,Inactive,Inactive
280,0.17117888,Inactive,Inactive
1063,0.16020536,Inactive,Inactive
840,0.15333724,Inactive,Inactive
2377,0.13585553,Inactive,Inactive
2358,0.12984386,Inactive,Inactive
429,0.12537524,Inactive,Inactive
915,0.11748046,Inactive,Inactive
380,0.10431039,Inactive,Inactive
279,0.09372997,Inactive,Inactive
1156,0.0840804,Inactive,Inactive
347,0.068195015,Inactive,Inactive
1342,0.06747848,Inactive,Inactive
1251,0.051844597,Inactive,Inactive
1821,0.047828704,Inactive,Inactive
437,0.034875393,Inactive,Inactive
1801,0.020686626,Inactive,Inactive
2280,0.02061838,Inactive,Inactive
1738,0.016768962,Inactive,Inactive
2090,0.01407215,Inactive,Inactive
2084,0.010761827,Inactive,Inactive
1410,0.00942722,Inactive,Inactive
2474,0.0087453425,Inactive,Inactive
1598,0.007706344,Inactive,Inactive
636,0.005216241,Inactive,Inactive
1489,0.0049078465,Inactive,Inactive
2058,0.0048794746,Inactive,Inactive
1693,0.0048033893,Inactive,Inactive
2052,0.0048021674,Inactive,Inactive
2045,0.0046426654,Inactive,Inactive
2414,0.0046375096,Inactive,Inactive
2024,0.003997743,Inactive,Inactive
1807,0.0037826002,Inactive,Inactive
813,0.0033480823,Inactive,Inactive
633,0.002626121,Inactive,Inactive
1815,0.002017647,Inactive,Inactive
1989,0.0018040836,Inactive,Inactive
1913,0.0017847121,Inactive,Inactive
1406,0.0017288029,Inactive,Inactive
455,0.0015027523,Inactive,Inactive
1769,0.0014398098,Inactive,Inactive
1920,0.0013117492,Inactive,Inactive
406,0.0011873841,Inactive,Inactive
2476,0.0011812747,Inactive,Inactive
1679,0.0007353723,Inactive,Inactive
1203,0.00071951747,Inactive,Inactive
453,0.00069251657,Inactive,Inactive
762,0.0004838705,Inactive,Inactive
1250,0.0003979802,Inactive,Inactive
678,0.000382334,Inactive,Inactive
1623,0.00032371283,Inactive,Inactive
1755,0.00031784177,Inactive,Inactive
2236,0.00028681755,Inactive,Inactive
1293,0.00027611852,Inactive,Inactive
2340,0.00025990605,Inactive,Inactive
1723,0.00021463633,Inactive,Inactive
366,0.00020331144,Inactive,Inactive
2020,0.00016123056,Inactive,Inactive
635,0.00013148785,Inactive,Inactive
2255,0.00011527702,Inactive,Inactive
2230,6.546287E-05,Inactive,Inactive
433,6.2285166E-05,Inactive,Inactive
1172,6.207518E-05,Inactive,Inactive
2364,6.1519844E-05,Inactive,Inactive
943,5.4312357E-05,Inactive,Inactive
2385,5.307162E-05,Inactive,Inactive
959,3.3381126E-05,Inactive,Inactive
2378,3.311352E-05,Inactive,Inactive
1178,3.2236385E-05,Inactive,Inactive
2389,3.1936994E-05,Inactive,Inactive
1590,2.2640348E-05,Inactive,Inactive
2109,1.5966478E-05,Inactive,Inactive
555,1.0314044E-05,Inactive,Inactive
1496,1.0037314E-05,Inactive,Inactive
1126,9.482732E-06,Inactive,Inactive
154,7.5633934E-06,Inactive,Inactive
1154,6.174811E-06,Inactive,Inactive
1899,5.6631866E-06,Inactive,Inactive
710,4.454256E-06,Inactive,Inactive
922,3.5175497E-06,Inactive,Inactive
1840,3.0852966E-06,Inactive,Inactive
1634,2.6649984E-06,Inactive,Inactive
1467,2.4615565E-06,Inactive,Inactive
634,2.454559E-06,Inactive,Inactive
1671,2.3141436E-06,Inactive,Inactive
2018,2.2532465E-06,Inactive,Inactive
2329,1.9965894E-06,Inactive,Inactive
292,1.5641846E-06,Inactive,Inactive
975,1.5029352E-06,Inactive,Inactive
1148,1.430712E-06,Inactive,Inactive
2240,1.3891954E-06,Inactive,Inactive
378,1.0694936E-06,Inactive,Inactive
1948,9.284834E-07,Inactive,Inactive
80,8.4922317E-07,Inactive,Inactive
1651,8.1036916E-07,Inactive,Inactive
704,7.6491807E-07,Inactive,Inactive
581,7.184884E-07,Inactive,Inactive
695,6.8712535E-07,Inactive,Inactive
251,5.6767016E-07,Inactive,Inactive
1652,4.6070517E-07,Inactive,Inactive
717,4.0779332E-07,Inactive,Inactive
1135,3.5039113E-07,Inactive,Inactive
1088,2.746299E-07,Inactive,Inactive
449,2.5372822E-07,Inactive,Inactive
1083,2.1308125E-07,Inactive,Inactive
129,1.7947383E-07,Inactive,Inactive
2322,1.1330374E-07,Inactive,Inactive
810,1.1198019E-07,Inactive,Inactive
136,7.241785E-08,Inactive,Inactive
1610,6.6368855E-08,Inactive,Inactive
1716,6.299265E-08,Inactive,Inactive
244,6.1241295E-08,Inactive,Inactive
1226,4.0241922E-08,Inactive,Inactive
538,3.421932E-08,Inactive,Inactive
275,3.414682E-08,Inactive,Inactive
1071,3.4097813E-08,Inactive,Inactive
256,2.3520858E-08,Inactive,Inactive
2017,1.2689762E-08,Inactive,Inactive
2228,1.2279766E-08,Inactive,Inactive
2107,8.223798E-09,Inactive,Inactive
424,7.0146653E-09,Inactive,Inactive
1315,4.3870707E-09,Inactive,Inactive
1776,3.0566114E-09,Inactive,Inactive
1107,2.811235E-09,Inactive,Inactive
1791,2.4769535E-09,Inactive,Inactive
1930,2.3280278E-09,Inactive,Inactive
2398,2.2480637E-09,Inactive,Inactive
174,1.508093E-09,Inactive,Inactive
1977,1.4077176E-09,Inactive,Inactive
2220,1.0106085E-09,Inactive,Inactive
1453,7.194829E-10,Inactive,Inactive
409,7.092179E-10,Inactive,Inactive
1263,6.421528E-10,Inactive,Inactive
2075,4.739609E-10,Inactive,Inactive
1066,4.65729E-10,Inactive,Inactive
2157,3.817517E-10,Inactive,Inactive
273,3.4595388E-10,Inactive,Inactive
1703,3.3144523E-10,Inactive,Inactive
1818,3.1949157E-10,Inactive,Inactive
1290,2.4259833E-10,Inactive,Inactive
164,1.4252292E-10,Inactive,Inactive
1483,9.789825E-11,Inactive,Inactive
1060,8.1980735E-11,Inactive,Inactive
2077,7.9727155E-11,Inactive,Inactive
1064,5.793833E-11,Inactive,Inactive
1460,4.048213E-11,Inactive,Inactive
2110,3.6145302E-11,Inactive,Inactive
1150,3.1986393E-11,Inactive,Inactive
2059,2.7434138E-11,Inactive,Inactive
2097,2.3516248E-11,Inactive,Inactive
2359,1.6261445E-11,Inactive,Inactive
2310,1.585321E-11,Inactive,Inactive
439,1.0339993E-11,Inactive,Inactive
1422,9.498959E-12,Inactive,Inactive
1536,9.319959E-12,Inactive,Inactive
1780,9.1362785E-12,Inactive,Inactive
851,8.689991E-12,Inactive,Inactive
270,7.740339E-12,Inactive,Inactive
865,6.5926127E-12,Inactive,Inactive
1456,6.2711754E-12,Inactive,Inactive
2441,4.922725E-12,Inactive,Inactive
1235,4.5159328E-12,Inactive,Inactive
109,4.017596E-12,Inactive,Inactive
580,3.4236745E-12,Inactive,Inactive
686,3.3605172E-12,Inactive,Inactive
1114,3.3081775E-12,Inactive,Inactive
1820,2.387208E-12,Inactive,Inactive
1359,2.0229504E-12,Inactive,Inactive
832,1.6645511E-12,Inactive,Inactive
2238,1.5782424E-12,Inactive,Inactive
841,1.0723847E-12,Inactive,Inactive
250,1.0360222E-12,Inactive,Inactive
443,8.9130824E-13,Inactive,Inactive
1055,5.510359E-13,Inactive,Inactive
126,4.485713E-13,Inactive,Inactive
736,3.0016614E-13,Inactive,Inactive
1859,2.48207E-13,Inactive,Inactive
1799,2.034232E-13,Inactive,Inactive
1487,2.0269314E-13,Inactive,Inactive
1775,8.915729E-14,Inactive,Inactive
1961,8.9063814E-14,Inactive,Inactive
2373,8.464459E-14,Inactive,Inactive
2091,6.332747E-14,Inactive,Inactive
1786,6.300386E-14,Inactive,Inactive
2468,6.296963E-14,Inactive,Inactive
672,4.6725217E-14,Inactive,Inactive
389,3.7416945E-14,Inactive,Inactive
1014,3.0941087E-14,Inactive,Inactive
1974,2.345936E-14,Inactive,Inactive
1367,2.0538647E-14,Inactive,Inactive
2104,1.7522726E-14,Inactive,Inactive
2321,1.36145E-14,Inactive,Inactive
1346,1.2912662E-14,Inactive,Inactive
1457,1.2858862E-14,Inactive,Inactive
2035,7.447407E-15,Inactive,Inactive
1547,6.6989502E-15,Inactive,Inactive
189,5.4879387E-15,Inactive,Inactive
428,3.5033355E-15,Inactive,Inactive
1027,2.7919307E-15,Inactive,Inactive
1225,2.4657508E-15,Inactive,Inactive
2319,2.414197E-15,Inactive,Inactive
1310,1.8756081E-15,Inactive,Inactive
1863,1.4797262E-15,Inactive,Inactive
246,1.368403E-15,Inactive,Inactive
629,1.3576556E-15,Inactive,Inactive
2106,1.0314876E-15,Inactive,Inactive
1292,1.0048104E-15,Inactive,Inactive
1307,9.739439E-16,Inactive,Inactive
1151,8.214142E-16,Inactive,Inactive
650,6.7330977E-16,Inactive,Inactive
2271,6.310675E-16,Inactive,Inactive
2405,4.6812054E-16,Inactive,Inactive
2042,4.568337E-16,Inactive,Inactive
1759,4.3873477E-16,Inactive,Inactive
1025,4.3321664E-16,Inactive,Inactive
1912,3.813132E-16,Inactive,Inactive
1232,1.6054979E-16,Inactive,Inactive
1517,1.01934546E-16,Inactive,Inactive
1642,8.487371E-17,Inactive,Inactive
919,7.2458E-17,Inactive,Inactive
1015,6.270765E-17,Inactive,Inactive
1819,3.074438E-17,Inactive,Inactive
2257,2.9186472E-17,Inactive,Inactive
1197,2.6156497E-17,Inactive,Inactive
2053,2.3005317E-17,Inactive,Inactive
2382,1.8591652E-17,Inactive,Inactive
2392,1.6233567E-17,Inactive,Inactive
1070,1.4198979E-17,Inactive,Inactive
145,8.5719974E-18,Inactive,Inactive
1872,3.9374877E-18,Inactive,Inactive
2170,2.2797474E-18,Inactive,Inactive
1552,1.7465232E-18,Inactive,Inactive
1712,1.1333024E-18,Inactive,Inactive
1327,8.41258E-19,Inactive,Inactive
707,8.106425E-19,Inactive,Inactive
1084,7.8883697E-19,Inactive,Inactive
78,5.2529035E-19,Inactive,Active
2362,4.545489E-19,Inactive,Inactive
1157,4.4013215E-19,Inactive,Inactive
1965,4.22437E-19,Inactive,Inactive
2351,2.8776399E-19,Inactive,Inactive
2032,1.4710111E-19,Inactive,Inactive
645,1.4367707E-19,Inactive,Inactive
1885,6.859625E-20,Inactive,Inactive
797,6.477935E-20,Inactive,Inactive
1945,5.2670667E-20,Inactive,Inactive
1386,4.4410203E-20,Inactive,Inactive
1287,4.117752E-20,Inactive,Inactive
451,3.285351E-20,Inactive,Inactive
1578,2.2593479E-20,Inactive,Inactive
2234,1.5405357E-20,Inactive,Inactive
611,1.18375434E-20,Inactive,Inactive
2410,1.17296166E-20,Inactive,Inactive
950,1.1679743E-20,Inactive,Inactive
1354,1.0324416E-20,Inactive,Inactive
1814,8.750193E-21,Inactive,Inactive
503,5.3858634E-21,Inactive,Inactive
884,4.7010395E-21,Inactive,Inactive
118,3.1607674E-21,Inactive,Inactive
510,2.7801785E-21,Inactive,Inactive
458,2.7258746E-21,Inactive,Inactive
1577,2.3787566E-21,Inactive,Inactive
2376,2.1297673E-21,Inactive,Inactive
1798,2.0142936E-21,Inactive,Inactive
1635,1.6950215E-21,Inactive,Inactive
1626,1.4460729E-21,Inactive,Inactive
2211,1.157069E-21,Inactive,Inactive
1861,9.145037E-22,Inactive,Inactive
1854,8.4057666E-22,Inactive,Inactive
845,8.294979E-22,Inactive,Inactive
2411,8.1629206E-22,Inactive,Inactive
1918,6.7840993E-22,Inactive,Inactive
15,6.6729373E-22,Inactive,Active
1810,6.0894685E-22,Inactive,Inactive
247,5.921713E-22,Inactive,Inactive
1008,5.5182115E-22,Inactive,Inactive
578,4.3222656E-22,Inactive,Inactive
626,2.37871E-22,Inactive,Inactive
1265,1.2803476E-22,Inactive,Inactive
373,1.1715027E-22,Inactive,Inactive
1764,9.693703E-23,Inactive,Inactive
1278,6.084682E-23,Inactive,Inactive
897,5.822657E-23,Inactive,Inactive
471,4.7936266E-23,Inactive,Inactive
666,4.4524297E-23,Inactive,Inactive
2086,4.3050512E-23,Inactive,Inactive
1455,3.5027333E-23,Inactive,Inactive
1722,3.4025502E-23,Inactive,Inactive
1454,3.2566595E-23,Inactive,Inactive
728,2.913588E-23,Inactive,Inactive
1669,2.785218E-23,Inactive,Inactive
172,2.4858763E-23,Inactive,Inactive
430,2.3922403E-23,Inactive,Inactive
2095,2.3791898E-23,Inactive,Inactive
1427,2.2964126E-23,Inactive,Inactive
268,2.1399042E-23,Inactive,Inactive
387,1.7758845E-23,Inactive,Inactive
2005,1.6696197E-23,Inactive,Inactive
1748,1.5586331E-23,Inactive,Inactive
696,1.5106964E-23,Inactive,Inactive
2412,1.3959831E-23,Inactive,Inactive
878,1.0961502E-23,Inactive,Inactive
866,1.06489225E-23,Inactive,Inactive
457,1.0136998E-23,Inactive,Inactive
1153,9.0420026E-24,Inactive,Inactive
1960,8.9976165E-24,Inactive,Inactive
1283,8.441813E-24,Inactive,Inactive
2473,7.479431E-24,Inactive,Inactive
1806,5.890256E-24,Inactive,Inactive
1053,5.223357E-24,Inactive,Inactive
2093,3.2466973E-24,Inactive,Inactive
2076,2.7958721E-24,Inactive,Inactive
110,2.499177E-24,Inactive,Inactive
2089,2.0714243E-24,Inactive,Inactive
235,1.7618552E-24,Inactive,Inactive
298,1.46737E-24,Inactive,Inactive
215,1.3424314E-24,Inactive,Inactive
706,1.2859803E-24,Inactive,Inactive
1869,1.213679E-24,Inactive,Inactive
1024,1.1734069E-24,Inactive,Inactive
2098,1.0621816E-24,Inactive,Inactive
462,1.0095431E-24,Inactive,Inactive
354,9.515161E-25,Inactive,Inactive
466,8.0544306E-25,Inactive,Inactive
1269,8.021774E-25,Inactive,Inactive
498,7.820899E-25,Inactive,Inactive
2397,7.2841538E-25,Inactive,Inactive
2014,5.815481E-25,Inactive,Inactive
508,4.337802E-25,Inactive,Inactive
284,2.4758518E-25,Inactive,Inactive
647,1.8834423E-25,Inactive,Inactive
355,1.1918939E-25,Inactive,Inactive
1903,1.0647693E-25,Inactive,Inactive
1714,1.0606748E-25,Inactive,Inactive
350,9.840521E-26,Inactive,Inactive
1350,9.260232E-26,Inactive,Inactive
1062,8.1822323E-26,Inactive,Inactive
260,6.876162E-26,Inactive,Inactive
1771,6.793305E-26,Inactive,Inactive
871,5.706304E-26,Inactive,Inactive
402,4.954055E-26,Inactive,Inactive
1543,4.629275E-26,Inactive,Inactive
829,4.3568877E-26,Inactive,Inactive
459,3.981713E-26,Inactive,Inactive
320,3.76935E-26,Inactive,Inactive
2384,3.4528855E-26,Inactive,Inactive
431,3.3226985E-26,Inactive,Inactive
825,2.7292597E-26,Inactive,Inactive
1089,2.411459E-26,Inactive,Inactive
440,2.1711381E-26,Inactive,Inactive
690,1.8532726E-26,Inactive,Inactive
1609,1.4937206E-26,Inactive,Inactive
447,1.4445145E-26,Inactive,Inactive
1281,9.306548E-27,Inactive,Inactive
1567,8.33944E-27,Inactive,Inactive
1001,7.33137E-27,Inactive,Inactive
1484,5.6212202E-27,Inactive,Inactive
834,5.0080153E-27,Inactive,Inactive
1637,4.4741282E-27,Inactive,Inactive
1091,3.7134445E-27,Inactive,Inactive
213,3.2922898E-27,Inactive,Inactive
1943,3.1811153E-27,Inactive,Inactive
1247,2.9819247E-27,Inactive,Inactive
356,2.9021677E-27,Inactive,Inactive
148,2.8094992E-27,Inactive,Inactive
93,1.8114115E-27,Inactive,Inactive
1304,1.8088634E-27,Inactive,Inactive
2172,1.3420402E-27,Inactive,Inactive
1285,8.820271E-28,Inactive,Inactive
446,7.1818616E-28,Inactive,Inactive
1155,5.5912125E-28,Inactive,Inactive
436,3.492957E-28,Inactive,Inactive
640,3.2791772E-28,Inactive,Inactive
511,2.4799974E-28,Inactive,Inactive
1985,2.0465064E-28,Inactive,Inactive
261,1.3314026E-28,Inactive,Inactive
1482,1.0483678E-28,Inactive,Inactive
410,8.798624E-29,Inactive,Inactive
372,8.63951E-29,Inactive,Inactive
1919,7.0809053E-29,Inactive,Inactive
1067,6.896168E-29,Inactive,Inactive
1841,5.119599E-29,Inactive,Inactive
1097,4.7650426E-29,Inactive,Inactive
1788,3.8356902E-29,Inactive,Inactive
1320,3.8347245E-29,Inactive,Inactive
381,3.355697E-29,Inactive,Inactive
1796,3.3367284E-29,Inactive,Inactive
1492,1.7978341E-29,Inactive,Inactive
2022,1.743744E-29,Inactive,Inactive
1004,1.5155113E-29,Inactive,Inactive
1098,1.4805627E-29,Inactive,Inactive
2395,1.0754377E-29,Inactive,Inactive
252,7.221854E-30,Inactive,Inactive
2171,7.041655E-30,Inactive,Inactive
1256,6.0721855E-30,Inactive,Inactive
1986,4.0987837E-30,Inactive,Inactive
509,2.2664665E-30,Inactive,Inactive
1619,1.4386548E-30,Inactive,Inactive
646,1.1317056E-30,Inactive,Inactive
1849,1.0948967E-30,Inactive,Inactive
880,9.728337E-31,Inactive,Inactive
1513,7.565E-31,Inactive,Inactive
1866,5.9438195E-31,Inactive,Inactive
913,3.365565E-31,Inactive,Inactive
1747,2.6685833E-31,Inactive,Inactive
2188,2.4186017E-31,Inactive,Inactive
1072,1.5586506E-31,Inactive,Inactive
1230,1.4997747E-31,Inactive,Inactive
1572,9.324114E-32,Inactive,Inactive
1280,9.2966956E-32,Inactive,Inactive
1400,6.437962E-32,Inactive,Inactive
1392,4.942224E-32,Inactive,Inactive
2276,4.7097906E-32,Inactive,Inactive
2457,3.5500135E-32,Inactive,Inactive
450,3.5471168E-32,Inactive,Inactive
2400,2.5126547E-32,Inactive,Inactive
2239,2.0992256E-32,Inactive,Inactive
1675,2.0409825E-32,Inactive,Inactive
682,1.2874574E-32,Inactive,Inactive
1584,1.2534474E-32,Inactive,Inactive
231,1.2326971E-32,Inactive,Inactive
1523,1.18129314E-32,Inactive,Inactive
1493,1.00768056E-32,Inactive,Inactive
761,9.5518166E-33,Inactive,Inactive
2391,4.9806985E-33,Inactive,Inactive
2314,4.112262E-33,Inactive,Inactive
768,3.994813E-33,Inactive,Inactive
1243,3.8595774E-33,Inactive,Inactive
1674,3.642373E-33,Inactive,Inactive
469,2.8943973E-33,Inactive,Inactive
2081,2.7559805E-33,Inactive,Inactive
1781,2.557241E-33,Inactive,Inactive
1613,1.8359769E-33,Inactive,Inactive
2078,1.4541956E-33,Inactive,Inactive
1957,1.2043662E-33,Inactive,Inactive
1879,9.844837E-34,Inactive,Inactive
1787,8.047759E-34,Inactive,Inactive
1611,5.8981173E-34,Inactive,Inactive
1345,5.6135714E-34,Inactive,Inactive
1975,3.8902173E-34,Inactive,Inactive
2451,3.0875277E-34,Inactive,Inactive
444,2.7562E-34,Inactive,Inactive
1414,2.346646E-34,Inactive,Inactive
553,2.1549977E-34,Inactive,Inactive
361,2.0491874E-34,Inactive,Inactive
516,1.4004341E-34,Inactive,Inactive
2092,1.2811362E-34,Inactive,Inactive
2383,1.1636788E-34,Inactive,Inactive
2029,7.468583E-35,Inactive,Inactive
438,7.082342E-35,Inactive,Inactive
1337,6.9660536E-35,Inactive,Inactive
2422,6.462287E-35,Inactive,Inactive
87,5.414046E-35,Inactive,Inactive
632,4.8614945E-35,Inactive,Inactive
2440,3.3203643E-35,Inactive,Inactive
1299,3.1368776E-35,Inactive,Inactive
492,2.6967404E-35,Inactive,Inactive
920,2.452003E-35,Inactive,Inactive
468,2.321616E-35,Inactive,Inactive
1753,2.2476138E-35,Inactive,Inactive
1811,2.2284388E-35,Inactive,Inactive
1746,1.6652079E-35,Inactive,Inactive
1758,1.4168927E-35,Inactive,Inactive
1612,1.2741805E-35,Inactive,Inactive
2273,1.0826377E-35,Inactive,Inactive
1319,9.243914E-36,Inactive,Inactive
405,8.96238E-36,Inactive,Inactive
2396,8.6686294E-36,Inactive,Inactive
2388,6.2440654E-36,Inactive,Inactive
2074,5.6186646E-36,Inactive,Inactive
1495,2.9528423E-36,Inactive,Inactive
2436,2.6976754E-36,Inactive,Inactive
357,2.5386049E-36,Inactive,Inactive
1408,2.2419353E-36,Inactive,Inactive
1506,2.2162893E-36,Inactive,Inactive
1518,2.154338E-36,Inactive,Inactive
1540,1.5399179E-36,Inactive,Inactive
1252,1.4361938E-36,Inactive,Inactive
1794,1.10785885E-36,Inactive,Inactive
694,1.0855692E-36,Inactive,Inactive
1045,9.325762E-37,Inactive,Inactive
1223,8.024174E-37,Inactive,Inactive
2387,6.33062E-37,Inactive,Inactive
1279,5.947203E-37,Inactive,Inactive
1647,4.747279E-37,Inactive,Inactive
1941,4.473423E-37,Inactive,Inactive
264,4.3062193E-37,Inactive,Inactive
2478,2.309072E-37,Inactive,Inactive
1768,2.2976842E-37,Inactive,Inactive
910,1.4991066E-37,Inactive,Inactive
1322,9.929376E-38,Inactive,Inactive
1921,6.528608E-38,Inactive,Inactive
1663,5.80724E-38,Inactive,Inactive
549,4.980173E-38,Inactive,Inactive
1763,4.658245E-38,Inactive,Inactive
1728,3.8545503E-38,Inactive,Inactive
567,3.6631394E-38,Inactive,Inactive
2096,3.1018058E-38,Inactive,Inactive
914,3.0316635E-38,Inactive,Inactive
313,2.8876737E-38,Inactive,Inactive
1214,2.7255597E-38,Inactive,Inactive
1276,2.342545E-38,Inactive,Inactive
1323,2.3266573E-38,Inactive,Inactive
1435,2.2971836E-38,Inactive,Inactive
342,1.9135349E-38,Inactive,Inactive
390,1.8895829E-38,Inactive,Inactive
379,1.5115495E-38,Inactive,Inactive
73,0,Inactive,Active
168,0,Inactive,Inactive
207,0,Inactive,Inactive
220,0,Inactive,Inactive
222,0,Inactive,Inactive
223,0,Inactive,Inactive
224,0,Inactive,Inactive
225,0,Inactive,Inactive
226,0,Inactive,Inactive
228,0,Inactive,Inactive
229,0,Inactive,Inactive
230,0,Inactive,Inactive
234,0,Inactive,Inactive
236,0,Inactive,Inactive
237,0,Inactive,Inactive
238,0,Inactive,Inactive
240,0,Inactive,Inactive
241,0,Inactive,Inactive
242,0,Inactive,Inactive
243,0,Inactive,Inactive
262,0,Inactive,Inactive
266,0,Inactive,Inactive
281,0,Inactive,Inactive
285,0,Inactive,Inactive
295,0,Inactive,Inactive
299,0,Inactive,Inactive
314,0,Inactive,Inactive
315,0,Inactive,Inactive
322,0,Inactive,Inactive
324,0,Inactive,Inactive
325,0,Inactive,Inactive
331,0,Inactive,Inactive
332,0,Inactive,Inactive
333,0,Inactive,Inactive
335,0,Inactive,Inactive
336,0,Inactive,Inactive
337,0,Inactive,Inactive
338,0,Inactive,Inactive
339,0,Inactive,Inactive
340,0,Inactive,Inactive
343,0,Inactive,Inactive
359,0,Inactive,Inactive
360,0,Inactive,Inactive
362,0,Inactive,Inactive
363,0,Inactive,Inactive
365,0,Inactive,Inactive
369,0,Inactive,Inactive
370,0,Inactive,Inactive
374,0,Inactive,Inactive
375,0,Inactive,Inactive
384,0,Inactive,Inactive
386,0,Inactive,Inactive
391,0,Inactive,Inactive
392,0,Inactive,Inactive
395,0,Inactive,Inactive
396,0,Inactive,Inactive
398,0,Inactive,Inactive
399,0,Inactive,Inactive
400,0,Inactive,Inactive
401,0,Inactive,Inactive
404,0,Inactive,Inactive
414,0,Inactive,Inactive
416,0,Inactive,Inactive
417,0,Inactive,Inactive
422,0,Inactive,Inactive
426,0,Inactive,Inactive
435,0,Inactive,Inactive
441,0,Inactive,Inactive
445,0,Inactive,Inactive
448,0,Inactive,Inactive
452,0,Inactive,Inactive
460,0,Inactive,Inactive
461,0,Inactive,Inactive
465,0,Inactive,Inactive
467,0,Inactive,Inactive
493,0,Inactive,Inactive
496,0,Inactive,Inactive
499,0,Inactive,Inactive
500,0,Inactive,Inactive
501,0,Inactive,Inactive
502,0,Inactive,Inactive
504,0,Inactive,Inactive
507,0,Inactive,Inactive
512,0,Inactive,Inactive
514,0,Inactive,Inactive
519,0,Inactive,Inactive
520,0,Inactive,Inactive
525,0,Inactive,Inactive
528,0,Inactive,Inactive
540,0,Inactive,Inactive
542,0,Inactive,Inactive
545,0,Inactive,Inactive
546,0,Inactive,Inactive
557,0,Inactive,Inactive
558,0,Inactive,Inactive
559,0,Inactive,Inactive
561,0,Inactive,Inactive
562,0,Inactive,Inactive
563,0,Inactive,Inactive
564,0,Inactive,Inactive
565,0,Inactive,Inactive
566,0,Inactive,Inactive
569,0,Inactive,Inactive
570,0,Inactive,Inactive
572,0,Inactive,Inactive
573,0,Inactive,Inactive
574,0,Inactive,Inactive
575,0,Inactive,Inactive
576,0,Inactive,Inactive
577,0,Inactive,Inactive
579,0,Inactive,Inactive
582,0,Inactive,Inactive
583,0,Inactive,Inactive
584,0,Inactive,Inactive
587,0,Inactive,Inactive
588,0,Inactive,Inactive
591,0,Inactive,Inactive
592,0,Inactive,Inactive
593,0,Inactive,Inactive
594,0,Inactive,Inactive
595,0,Inactive,Inactive
596,0,Inactive,Inactive
597,0,Inactive,Inactive
598,0,Inactive,Inactive
599,0,Inactive,Inactive
600,0,Inactive,Inactive
601,0,Inactive,Inactive
602,0,Inactive,Inactive
603,0,Inactive,Inactive
604,0,Inactive,Inactive
605,0,Inactive,Inactive
606,0,Inactive,Inactive
607,0,Inactive,Inactive
608,0,Inactive,Inactive
609,0,Inactive,Inactive
610,0,Inactive,Inactive
623,0,Inactive,Inactive
630,0,Inactive,Inactive
642,0,Inactive,Inactive
643,0,Inactive,Inactive
644,0,Inactive,Inactive
648,0,Inactive,Inactive
649,0,Inactive,Inactive
651,0,Inactive,Inactive
652,0,Inactive,Inactive
671,0,Inactive,Inactive
673,0,Inactive,Inactive
674,0,Inactive,Inactive
675,0,Inactive,Inactive
679,0,Inactive,Inactive
680,0,Inactive,Inactive
681,0,Inactive,Inactive
683,0,Inactive,Inactive
684,0,Inactive,Inactive
685,0,Inactive,Inactive
687,0,Inactive,Inactive
688,0,Inactive,Inactive
691,0,Inactive,Inactive
697,0,Inactive,Inactive
698,0,Inactive,Inactive
699,0,Inactive,Inactive
700,0,Inactive,Inactive
718,0,Inactive,Inactive
723,0,Inactive,Inactive
724,0,Inactive,Inactive
725,0,Inactive,Inactive
726,0,Inactive,Inactive
727,0,Inactive,Inactive
729,0,Inactive,Inactive
731,0,Inactive,Inactive
738,0,Inactive,Inactive
740,0,Inactive,Inactive
741,0,Inactive,Inactive
742,0,Inactive,Inactive
743,0,Inactive,Inactive
744,0,Inactive,Inactive
745,0,Inactive,Inactive
746,0,Inactive,Inactive
747,0,Inactive,Inactive
748,0,Inactive,Inactive
749,0,Inactive,Inactive
750,0,Inactive,Inactive
751,0,Inactive,Inactive
752,0,Inactive,Inactive
763,0,Inactive,Inactive
764,0,Inactive,Inactive
765,0,Inactive,Inactive
766,0,Inactive,Inactive
767,0,Inactive,Inactive
786,0,Inactive,Inactive
788,0,Inactive,Inactive
789,0,Inactive,Inactive
790,0,Inactive,Inactive
804,0,Inactive,Inactive
808,0,Inactive,Inactive
823,0,Inactive,Inactive
824,0,Inactive,Inactive
830,0,Inactive,Inactive
831,0,Inactive,Inactive
837,0,Inactive,Inactive
838,0,Inactive,Inactive
842,0,Inactive,Inactive
846,0,Inactive,Inactive
850,0,Inactive,Inactive
852,0,Inactive,Inactive
853,0,Inactive,Inactive
854,0,Inactive,Inactive
855,0,Inactive,Inactive
856,0,Inactive,Inactive
857,0,Inactive,Inactive
858,0,Inactive,Inactive
859,0,Inactive,Inactive
860,0,Inactive,Inactive
861,0,Inactive,Inactive
862,0,Inactive,Inactive
863,0,Inactive,Inactive
864,0,Inactive,Inactive
868,0,Inactive,Inactive
869,0,Inactive,Inactive
870,0,Inactive,Inactive
872,0,Inactive,Inactive
873,0,Inactive,Inactive
874,0,Inactive,Inactive
875,0,Inactive,Inactive
881,0,Inactive,Inactive
882,0,Inactive,Inactive
883,0,Inactive,Inactive
885,0,Inactive,Inactive
886,0,Inactive,Inactive
887,0,Inactive,Inactive
888,0,Inactive,Inactive
889,0,Inactive,Inactive
890,0,Inactive,Inactive
891,0,Inactive,Inactive
892,0,Inactive,Inactive
893,0,Inactive,Inactive
894,0,Inactive,Inactive
895,0,Inactive,Inactive
896,0,Inactive,Inactive
898,0,Inactive,Inactive
899,0,Inactive,Inactive
900,0,Inactive,Inactive
901,0,Inactive,Inactive
902,0,Inactive,Inactive
903,0,Inactive,Inactive
904,0,Inactive,Inactive
905,0,Inactive,Inactive
906,0,Inactive,Inactive
907,0,Inactive,Inactive
908,0,Inactive,Inactive
909,0,Inactive,Inactive
911,0,Inactive,Inactive
924,0,Inactive,Inactive
947,0,Inactive,Inactive
961,0,Inactive,Inactive
963,0,Inactive,Inactive
965,0,Inactive,Inactive
1039,0,Inactive,Inactive
1041,0,Inactive,Inactive
1050,0,Inactive,Inactive
1052,0,Inactive,Inactive
1073,0,Inactive,Inactive
1077,0,Inactive,Inactive
1080,0,Inactive,Inactive
1081,0,Inactive,Inactive
1082,0,Inactive,Inactive
1092,0,Inactive,Inactive
1115,0,Inactive,Inactive
1136,0,Inactive,Inactive
1137,0,Inactive,Inactive
1138,0,Inactive,Inactive
1139,0,Inactive,Inactive
1144,0,Inactive,Inactive
1152,0,Inactive,Inactive
1202,0,Inactive,Inactive
1216,0,Inactive,Inactive
1231,0,Inactive,Inactive
1238,0,Inactive,Inactive
1242,0,Inactive,Inactive
1255,0,Inactive,Inactive
1257,0,Inactive,Inactive
1258,0,Inactive,Inactive
1259,0,Inactive,Inactive
1262,0,Inactive,Inactive
1264,0,Inactive,Inactive
1272,0,Inactive,Inactive
1275,0,Inactive,Inactive
1277,0,Inactive,Inactive
1282,0,Inactive,Inactive
1284,0,Inactive,Inactive
1294,0,Inactive,Inactive
1295,0,Inactive,Inactive
1296,0,Inactive,Inactive
1297,0,Inactive,Inactive
1298,0,Inactive,Inactive
1301,0,Inactive,Inactive
1302,0,Inactive,Inactive
1308,0,Inactive,Inactive
1309,0,Inactive,Inactive
1312,0,Inactive,Inactive
1314,0,Inactive,Inactive
1318,0,Inactive,Inactive
1325,0,Inactive,Inactive
1326,0,Inactive,Inactive
1339,0,Inactive,Inactive
1340,0,Inactive,Inactive
1341,0,Inactive,Inactive
1347,0,Inactive,Inactive
1348,0,Inactive,Inactive
1349,0,Inactive,Inactive
1351,0,Inactive,Inactive
1360,0,Inactive,Inactive
1362,0,Inactive,Inactive
1390,0,Inactive,Inactive
1394,0,Inactive,Inactive
1407,0,Inactive,Inactive
1409,0,Inactive,Inactive
1411,0,Inactive,Inactive
1413,0,Inactive,Inactive
1416,0,Inactive,Inactive
1425,0,Inactive,Inactive
1432,0,Inactive,Inactive
1433,0,Inactive,Inactive
1436,0,Inactive,Inactive
1440,0,Inactive,Inactive
1445,0,Inactive,Inactive
1446,0,Inactive,Inactive
1448,0,Inactive,Inactive
1449,0,Inactive,Inactive
1450,0,Inactive,Inactive
1451,0,Inactive,Inactive
1452,0,Inactive,Inactive
1464,0,Inactive,Inactive
1465,0,Inactive,Inactive
1466,0,Inactive,Inactive
1475,0,Inactive,Inactive
1494,0,Inactive,Inactive
1497,0,Inactive,Inactive
1500,0,Inactive,Inactive
1501,0,Inactive,Inactive
1503,0,Inactive,Inactive
1507,0,Inactive,Inactive
1509,0,Inactive,Inactive
1511,0,Inactive,Inactive
1519,0,Inactive,Inactive
1520,0,Inactive,Inactive
1522,0,Inactive,Inactive
1526,0,Inactive,Inactive
1528,0,Inactive,Inactive
1532,0,Inactive,Inactive
1533,0,Inactive,Inactive
1535,0,Inactive,Inactive
1539,0,Inactive,Inactive
1546,0,Inactive,Inactive
1550,0,Inactive,Inactive
1553,0,Inactive,Inactive
1554,0,Inactive,Inactive
1555,0,Inactive,Inactive
1556,0,Inactive,Inactive
1557,0,Inactive,Inactive
1558,0,Inactive,Inactive
1559,0,Inactive,Inactive
1561,0,Inactive,Inactive
1562,0,Inactive,Inactive
1563,0,Inactive,Inactive
1573,0,Inactive,Inactive
1575,0,Inactive,Inactive
1576,0,Inactive,Inactive
1579,0,Inactive,Inactive
1581,0,Inactive,Inactive
1582,0,Inactive,Inactive
1583,0,Inactive,Inactive
1606,0,Inactive,Inactive
1622,0,Inactive,Inactive
1628,0,Inactive,Inactive
1630,0,Inactive,Inactive
1632,0,Inactive,Inactive
1639,0,Inactive,Inactive
1650,0,Inactive,Inactive
1653,0,Inactive,Inactive
1654,0,Inactive,Inactive
1656,0,Inactive,Inactive
1657,0,Inactive,Inactive
1658,0,Inactive,Inactive
1660,0,Inactive,Inactive
1667,0,Inactive,Inactive
1692,0,Inactive,Inactive
1696,0,Inactive,Inactive
1704,0,Inactive,Inactive
1705,0,Inactive,Inactive
1706,0,Inactive,Inactive
1708,0,Inactive,Inactive
1713,0,Inactive,Inactive
1715,0,Inactive,Inactive
1717,0,Inactive,Inactive
1718,0,Inactive,Inactive
1719,0,Inactive,Inactive
1720,0,Inactive,Inactive
1721,0,Inactive,Inactive
1724,0,Inactive,Inactive
1726,0,Inactive,Inactive
1729,0,Inactive,Inactive
1735,0,Inactive,Inactive
1740,0,Inactive,Inactive
1742,0,Inactive,Inactive
1745,0,Inactive,Inactive
1749,0,Inactive,Inactive
1751,0,Inactive,Inactive
1754,0,Inactive,Inactive
1756,0,Inactive,Inactive
1757,0,Inactive,Inactive
1760,0,Inactive,Inactive
1761,0,Inactive,Inactive
1762,0,Inactive,Inactive
1765,0,Inactive,Inactive
1767,0,Inactive,Inactive
1770,0,Inactive,Inactive
1772,0,Inactive,Inactive
1773,0,Inactive,Inactive
1777,0,Inactive,Inactive
1779,0,Inactive,Inactive
1782,0,Inactive,Inactive
1783,0,Inactive,Inactive
1785,0,Inactive,Inactive
1789,0,Inactive,Inactive
1790,0,Inactive,Inactive
1792,0,Inactive,Inactive
1793,0,Inactive,Inactive
1795,0,Inactive,Inactive
1797,0,Inactive,Inactive
1800,0,Inactive,Inactive
1802,0,Inactive,Inactive
1804,0,Inactive,Inactive
1805,0,Inactive,Inactive
1809,0,Inactive,Inactive
1812,0,Inactive,Inactive
1813,0,Inactive,Inactive
1816,0,Inactive,Inactive
1817,0,Inactive,Inactive
1825,0,Inactive,Inactive
1826,0,Inactive,Inactive
1827,0,Inactive,Inactive
1828,0,Inactive,Inactive
1829,0,Inactive,Inactive
1830,0,Inactive,Inactive
1831,0,Inactive,Inactive
1833,0,Inactive,Inactive
1834,0,Inactive,Inactive
1835,0,Inactive,Inactive
1836,0,Inactive,Inactive
1837,0,Inactive,Inactive
1838,0,Inactive,Inactive
1839,0,Inactive,Inactive
1842,0,Inactive,Inactive
1843,0,Inactive,Inactive
1844,0,Inactive,Inactive
1846,0,Inactive,Inactive
1848,0,Inactive,Inactive
1851,0,Inactive,Inactive
1856,0,Inactive,Inactive
1857,0,Inactive,Inactive
1870,0,Inactive,Inactive
1875,0,Inactive,Inactive
1876,0,Inactive,Inactive
1880,0,Inactive,Inactive
1891,0,Inactive,Inactive
1892,0,Inactive,Inactive
1893,0,Inactive,Inactive
1894,0,Inactive,Inactive
1910,0,Inactive,Inactive
1915,0,Inactive,Inactive
1926,0,Inactive,Inactive
1932,0,Inactive,Inactive
1933,0,Inactive,Inactive
1940,0,Inactive,Inactive
1942,0,Inactive,Inactive
1947,0,Inactive,Inactive
1954,0,Inactive,Inactive
1958,0,Inactive,Inactive
1962,0,Inactive,Inactive
1966,0,Inactive,Inactive
1968,0,Inactive,Inactive
1972,0,Inactive,Inactive
1973,0,Inactive,Inactive
1980,0,Inactive,Inactive
1983,0,Inactive,Inactive
1984,0,Inactive,Inactive
1991,0,Inactive,Inactive
1995,0,Inactive,Inactive
1998,0,Inactive,Inactive
2003,0,Inactive,Inactive
2009,0,Inactive,Inactive
2011,0,Inactive,Inactive
2013,0,Inactive,Inactive
2015,0,Inactive,Inactive
2019,0,Inactive,Inactive
2023,0,Inactive,Inactive
2027,0,Inactive,Inactive
2028,0,Inactive,Inactive
2030,0,Inactive,Inactive
2034,0,Inactive,Inactive
2039,0,Inactive,Inactive
2041,0,Inactive,Inactive
2046,0,Inactive,Inactive
2047,0,Inactive,Inactive
2051,0,Inactive,Inactive
2056,0,Inactive,Inactive
2061,0,Inactive,Inactive
2062,0,Inactive,Inactive
2063,0,Inactive,Inactive
2066,0,Inactive,Inactive
2067,0,Inactive,Inactive
2079,0,Inactive,Inactive
2082,0,Inactive,Inactive
2083,0,Inactive,Inactive
2085,0,Inactive,Inactive
2094,0,Inactive,Inactive
2100,0,Inactive,Inactive
2101,0,Inactive,Inactive
2103,0,Inactive,Inactive
2105,0,Inactive,Inactive
2118,0,Inactive,Inactive
2135,0,Inactive,Inactive
2154,0,Inactive,Inactive
2155,0,Inactive,Inactive
2167,0,Inactive,Inactive
2169,0,Inactive,Inactive
2176,0,Inactive,Inactive
2177,0,Inactive,Inactive
2187,0,Inactive,Inactive
2189,0,Inactive,Inactive
2210,0,Inactive,Inactive
2219,0,Inactive,Inactive
2232,0,Inactive,Inactive
2245,0,Inactive,Inactive
2248,0,Inactive,Inactive
2250,0,Inactive,Inactive
2262,0,Inactive,Inactive
2272,0,Inactive,Inactive
2278,0,Inactive,Inactive
2281,0,Inactive,Inactive
2289,0,Inactive,Inactive
2303,0,Inactive,Inactive
2306,0,Inactive,Inactive
2308,0,Inactive,Inactive
2318,0,Inactive,Inactive
2323,0,Inactive,Inactive
2348,0,Inactive,Inactive
2349,0,Inactive,Inactive
2352,0,Inactive,Inactive
2354,0,Inactive,Inactive
2355,0,Inactive,Inactive
2356,0,Inactive,Inactive
2361,0,Inactive,Inactive
2366,0,Inactive,Inactive
2370,0,Inactive,Inactive
2374,0,Inactive,Inactive
2375,0,Inactive,Inactive
2390,0,Inactive,Inactive
2394,0,Inactive,Inactive
2402,0,Inactive,Inactive
2404,0,Inactive,Inactive
2406,0,Inactive,Inactive
2408,0,Inactive,Inactive
2416,0,Inactive,Inactive
2417,0,Inactive,Inactive
2419,0,Inactive,Inactive
2421,0,Inactive,Inactive
2424,0,Inactive,Inactive
2425,0,Inactive,Inactive
2427,0,Inactive,Inactive
2428,0,Inactive,Inactive
2429,0,Inactive,Inactive
2430,0,Inactive,Inactive
2431,0,Inactive,Inactive
2432,0,Inactive,Inactive
2433,0,Inactive,Inactive
2434,0,Inactive,Inactive
2435,0,Inactive,Inactive
2437,0,Inactive,Inactive
2438,0,Inactive,Inactive
2439,0,Inactive,Inactive
2442,0,Inactive,Inactive
2444,0,Inactive,Inactive
2446,0,Inactive,Inactive
2448,0,Inactive,Inactive
2450,0,Inactive,Inactive
2452,0,Inactive,Inactive
2453,0,Inactive,Inactive
2454,0,Inactive,Inactive
2455,0,Inactive,Inactive
2458,0,Inactive,Inactive
2459,0,Inactive,Inactive
2461,0,Inactive,Inactive
2465,0,Inactive,Inactive
2470,0,Inactive,Inactive
